Threshold,TP,FP,FN,TN,TPR,FPR
0.95,39,4,33,74,0.5416666666666666,0.05128205128205128
0.9,46,5,26,73,0.6388888888888888,0.0641025641025641
0.85,51,5,21,73,0.7083333333333334,0.0641025641025641
0.8,54,5,18,73,0.75,0.0641025641025641
0.75,55,6,17,72,0.7638888888888888,0.07692307692307693
0.7,58,6,14,72,0.8055555555555556,0.07692307692307693
